Patryk Kucharski <patrykkuchar@gmail.com> TwojaTata <39413818+TwojaTata@users.noreply.github.com>
Patryk Kucharski <patrykkuchar@gmail.com> patryk <patrykkuchar@gmail.com>
Patryk Kucharski <patrykkuchar@gmail.com> twojatata <patrykkuchar@gmail.com>
Patryk Kucharski <patrykkuchar@gmail.com> BaNe <patrykkuchar@gmail.com>
Wiktor Rup <wiktor-rup@wp.pl> WRup <32979298+WRup@users.noreply.github.com>
Wiktor Rup <wiktor-rup@wp.pl> WRup <wiktor-rup@wp.pl>
Wiktor Rup <wiktor-rup@wp.pl> WIktor <wiktor-rup@wp.pl>
Krzysiek Niedzielski <krzysztof.niedzielski@gmail.com> Krzysiek <krzysztof.niedzielski96@gmail.com>
Krzysiek Niedzielski <krzysztof.niedzielski@gmail.com> krzysiek <Krzysztof_Niedzielski.epam.com>
Krzysiek Niedzielski <krzysztof.niedzielski@gmail.com> krzysiek <krzysztof.niedzielski96@gmail.com>
Bartek Kupajski <bartosz.kupajski@gmail.com> Kapaika <bartosz.kupajski@gmail.com>
Bartek Kupajski <bartosz.kupajski@gmail.com> Kapaika <32897451+Kapaika@users.noreply.github.com>
Kamil Rojek <kamroj@gmail.com> Kamil Rojek <46644145+kamroj@users.noreply.github.com>
Agnieszka Trzewik <atrzewik9412@gmail.com> atrzewik <42387362+atrzewik@users.noreply.github.com>
Marcin Ogorzałek <marcin.grzegorz.ogorzalek@gmail.com> Marcin Ogorzalek <marcin.grzegorz.ogorzalek@gmail.com>